id,response
R001,"This app is amazing! It has completely changed how I manage my daily tasks and I love the clean interface."
R002,"Crashes frequently on my device. Very frustrating experience."
R003,"Good concept but the user interface needs significant improvement. Too many steps to complete simple actions which makes it inefficient for daily use."
R004,"Best productivity app I've ever used! The notifications are helpful and the sync works perfectly across all my devices."
R005,"Not worth the subscription price in my opinion."
R006,"The latest update broke several features I relied on daily. Please fix the calendar sync and notification bugs as soon as possible."
R007,"Simple and intuitive design. Does exactly what it promises without unnecessary complications."
R008,"I've been using this for three months now and it's become essential to my workflow. The team collaboration features are particularly useful for our remote team meetings."
R009,"Load times are extremely slow and the search function barely works. Needs major performance improvements before I can recommend it."
R010,"Love the dark mode! Finally an app that cares about accessibility and user preferences."
R011,"The onboarding tutorial was confusing and I still don't understand half the features. Could benefit from better documentation and clearer in-app guidance."
R012,"Perfect for students! Helps me keep track of assignments and deadlines effectively."
R013,"Too many ads interrupt the user experience constantly."
R014,"Great customer support team. They responded to my issue within hours and resolved everything quickly. The app itself works smoothly and has all the features I need."
R015,"Needs offline mode. I can't always rely on having internet connection."
R016,"The widget is broken on iOS and hasn't been fixed for weeks despite multiple reports. Otherwise the app is decent but this is a major issue."
R017,"Excellent value for money with tons of useful features."
R018,"I appreciate the frequent updates and new features, but sometimes I wish the team would focus more on stability rather than adding new things constantly."
R019,"Cannot export my data which is a dealbreaker for me. I need to be able to backup and transfer my information to other platforms easily."
R020,"Five stars! This app does everything I need and more. The customization options are incredible and the performance is smooth on my older phone."
R021,"Battery drain is terrible. App runs in background constantly."
R022,"The interface redesign in version two is much better than the original. Navigation is more intuitive and the new color scheme is easier on the eyes during long sessions."
R023,"Missing key features that competitors have had for years like tags and filters."
R024,"Works flawlessly. No complaints at all after six months of daily use."
R025,"Privacy concerns. Why does this app need access to my contacts and location when it's just a note-taking app? Seems unnecessary and suspicious."
